"File","Line","Severity","Code","Message"
"CHANGELOG.md","2","Error","MISSING_HEADER_BLOCK","No document metadata block was found after the first heading."
"CHANGELOG.md","2","Error","MISSING_OPENING_DELIMITER","The header block does not start with --- immediately after the first heading."
"CODE_OF_CONDUCT.md","2","Error","MISSING_HEADER_BLOCK","No document metadata block was found after the first heading."
"CODE_OF_CONDUCT.md","2","Error","MISSING_OPENING_DELIMITER","The header block does not start with --- immediately after the first heading."
"CONTRIBUTING.md","2","Error","MISSING_HEADER_BLOCK","No document metadata block was found after the first heading."
"CONTRIBUTING.md","2","Error","MISSING_OPENING_DELIMITER","The header block does not start with --- immediately after the first heading."
"DATA-SOURCE-NOTICES.md","2","Error","MISSING_HEADER_BLOCK","No document metadata block was found after the first heading."
"DATA-SOURCE-NOTICES.md","2","Error","MISSING_OPENING_DELIMITER","The header block does not start with --- immediately after the first heading."
"docs\_includes\manual-front-matter.md","11","Error","MISSING_HEADER_BLOCK","No document metadata block was found after the first heading."
"docs\_includes\manual-front-matter.md","11","Error","MISSING_OPENING_DELIMITER","The header block does not start with --- immediately after the first heading."
"docs\_templates\adr.md","10","Error","MISSING_HEADER_BLOCK","No document metadata block was found after the first heading."
"docs\_templates\adr.md","10","Error","MISSING_OPENING_DELIMITER","The header block does not start with --- immediately after the first heading."
"docs\_templates\architecture-document.md","11","Error","MISSING_HEADER_BLOCK","No document metadata block was found after the first heading."
"docs\_templates\architecture-document.md","11","Error","MISSING_OPENING_DELIMITER","The header block does not start with --- immediately after the first heading."
"docs\_templates\coverpage.md","2","Error","MISSING_HEADER_BLOCK","No document metadata block was found after the first heading."
"docs\_templates\coverpage.md","2","Error","MISSING_OPENING_DELIMITER","The header block does not start with --- immediately after the first heading."
"docs\_templates\guide.md","10","Error","MISSING_HEADER_BLOCK","No document metadata block was found after the first heading."
"docs\_templates\guide.md","10","Error","MISSING_OPENING_DELIMITER","The header block does not start with --- immediately after the first heading."
"docs\_templates\reference.md","10","Error","MISSING_HEADER_BLOCK","No document metadata block was found after the first heading."
"docs\_templates\reference.md","10","Error","MISSING_OPENING_DELIMITER","The header block does not start with --- immediately after the first heading."
"docs\_templates\roadmap.md","10","Error","MISSING_HEADER_BLOCK","No document metadata block was found after the first heading."
"docs\_templates\roadmap.md","10","Error","MISSING_OPENING_DELIMITER","The header block does not start with --- immediately after the first heading."
"docs\_templates\standard.md","10","Error","MISSING_HEADER_BLOCK","No document metadata block was found after the first heading."
"docs\_templates\standard.md","10","Error","MISSING_OPENING_DELIMITER","The header block does not start with --- immediately after the first heading."
"docs\architecture\001-project-vision.md","2","Error","MISSING_OPENING_DELIMITER","The header block does not start with --- immediately after the first heading."
"docs\architecture\001-project-vision.md","3","Warning","MISPLACED_OR_LEGACY_BLOCK","Document metadata exists, but it is not in the required delimited block."
"docs\architecture\002-system-overview.md","2","Error","MISSING_OPENING_DELIMITER","The header block does not start with --- immediately after the first heading."
"docs\architecture\002-system-overview.md","3","Warning","MISPLACED_OR_LEGACY_BLOCK","Document metadata exists, but it is not in the required delimited block."
"docs\architecture\003-high-level-architecture.md","2","Error","MISSING_OPENING_DELIMITER","The header block does not start with --- immediately after the first heading."
"docs\architecture\003-high-level-architecture.md","3","Warning","MISPLACED_OR_LEGACY_BLOCK","Document metadata exists, but it is not in the required delimited block."
"docs\architecture\004-package-structure.md","2","Error","MISSING_OPENING_DELIMITER","The header block does not start with --- immediately after the first heading."
"docs\architecture\004-package-structure.md","3","Warning","MISPLACED_OR_LEGACY_BLOCK","Document metadata exists, but it is not in the required delimited block."
"docs\architecture\005-dependency-rules.md","2","Error","MISSING_OPENING_DELIMITER","The header block does not start with --- immediately after the first heading."
"docs\architecture\005-dependency-rules.md","3","Warning","MISPLACED_OR_LEGACY_BLOCK","Document metadata exists, but it is not in the required delimited block."
"docs\architecture\006-layered-architecture.md","2","Error","MISSING_OPENING_DELIMITER","The header block does not start with --- immediately after the first heading."
"docs\architecture\006-layered-architecture.md","3","Warning","MISPLACED_OR_LEGACY_BLOCK","Document metadata exists, but it is not in the required delimited block."
"docs\architecture\007-plugin-architecture.md","2","Error","MISSING_OPENING_DELIMITER","The header block does not start with --- immediately after the first heading."
"docs\architecture\007-plugin-architecture.md","3","Warning","MISPLACED_OR_LEGACY_BLOCK","Document metadata exists, but it is not in the required delimited block."
"docs\architecture\008-pipeline-engine.md","2","Error","MISSING_OPENING_DELIMITER","The header block does not start with --- immediately after the first heading."
"docs\architecture\008-pipeline-engine.md","3","Warning","MISPLACED_OR_LEGACY_BLOCK","Document metadata exists, but it is not in the required delimited block."
"docs\architecture\009-dataset-lifecycle.md","2","Error","MISSING_OPENING_DELIMITER","The header block does not start with --- immediately after the first heading."
"docs\architecture\009-dataset-lifecycle.md","3","Warning","MISPLACED_OR_LEGACY_BLOCK","Document metadata exists, but it is not in the required delimited block."
"docs\architecture\010-component-interactions.md","2","Error","MISSING_OPENING_DELIMITER","The header block does not start with --- immediately after the first heading."
"docs\architecture\010-component-interactions.md","3","Warning","MISPLACED_OR_LEGACY_BLOCK","Document metadata exists, but it is not in the required delimited block."
"docs\architecture\011-configuration.md","2","Error","MISSING_OPENING_DELIMITER","The header block does not start with --- immediately after the first heading."
"docs\architecture\011-configuration.md","3","Warning","MISPLACED_OR_LEGACY_BLOCK","Document metadata exists, but it is not in the required delimited block."
"docs\architecture\012-logging.md","2","Error","MISSING_OPENING_DELIMITER","The header block does not start with --- immediately after the first heading."
"docs\architecture\012-logging.md","3","Warning","MISPLACED_OR_LEGACY_BLOCK","Document metadata exists, but it is not in the required delimited block."
"docs\architecture\013-exception-strategy.md","2","Error","MISSING_OPENING_DELIMITER","The header block does not start with --- immediately after the first heading."
"docs\architecture\013-exception-strategy.md","3","Warning","MISPLACED_OR_LEGACY_BLOCK","Document metadata exists, but it is not in the required delimited block."
"docs\architecture\014-database-architecture.md","2","Error","MISSING_OPENING_DELIMITER","The header block does not start with --- immediately after the first heading."
"docs\architecture\014-database-architecture.md","3","Warning","MISPLACED_OR_LEGACY_BLOCK","Document metadata exists, but it is not in the required delimited block."
"docs\architecture\015-future-architecture.md","2","Error","MISSING_OPENING_DELIMITER","The header block does not start with --- immediately after the first heading."
"docs\architecture\015-future-architecture.md","3","Warning","MISPLACED_OR_LEGACY_BLOCK","Document metadata exists, but it is not in the required delimited block."
"docs\architecture\016-download-and-parsing.md","2","Error","MISSING_OPENING_DELIMITER","The header block does not start with --- immediately after the first heading."
"docs\architecture\016-download-and-parsing.md","3","Warning","MISPLACED_OR_LEGACY_BLOCK","Document metadata exists, but it is not in the required delimited block."
"docs\architecture\017-security-and-credentials.md","2","Error","MISSING_OPENING_DELIMITER","The header block does not start with --- immediately after the first heading."
"docs\architecture\017-security-and-credentials.md","3","Warning","MISPLACED_OR_LEGACY_BLOCK","Document metadata exists, but it is not in the required delimited block."
"docs\architecture\018-testing-and-quality.md","2","Error","MISSING_OPENING_DELIMITER","The header block does not start with --- immediately after the first heading."
"docs\architecture\018-testing-and-quality.md","3","Warning","MISPLACED_OR_LEGACY_BLOCK","Document metadata exists, but it is not in the required delimited block."
"docs\architecture\019-database-persistence-and-pooling.md","2","Error","MISSING_OPENING_DELIMITER","The header block does not start with --- immediately after the first heading."
"docs\architecture\019-database-persistence-and-pooling.md","3","Warning","MISPLACED_OR_LEGACY_BLOCK","Document metadata exists, but it is not in the required delimited block."
"docs\architecture\020-ingestion-audit-and-provenance.md","2","Error","MISSING_OPENING_DELIMITER","The header block does not start with --- immediately after the first heading."
"docs\architecture\020-ingestion-audit-and-provenance.md","3","Warning","MISPLACED_OR_LEGACY_BLOCK","Document metadata exists, but it is not in the required delimited block."
"docs\architecture\021-ofgem-price-cap-architecture.md","2","Error","MISSING_OPENING_DELIMITER","The header block does not start with --- immediately after the first heading."
"docs\architecture\021-ofgem-price-cap-architecture.md","3","Warning","MISPLACED_OR_LEGACY_BLOCK","Document metadata exists, but it is not in the required delimited block."
"docs\architecture\022-deployment-and-environments.md","2","Error","MISSING_OPENING_DELIMITER","The header block does not start with --- immediately after the first heading."
"docs\architecture\022-deployment-and-environments.md","3","Warning","MISPLACED_OR_LEGACY_BLOCK","Document metadata exists, but it is not in the required delimited block."
"docs\architecture\023-operational-failure-and-recovery.md","2","Error","MISSING_OPENING_DELIMITER","The header block does not start with --- immediately after the first heading."
"docs\architecture\023-operational-failure-and-recovery.md","3","Warning","MISPLACED_OR_LEGACY_BLOCK","Document metadata exists, but it is not in the required delimited block."
"docs\architecture\024-architecture-traceability.md","2","Error","MISSING_OPENING_DELIMITER","The header block does not start with --- immediately after the first heading."
"docs\architecture\024-architecture-traceability.md","3","Warning","MISPLACED_OR_LEGACY_BLOCK","Document metadata exists, but it is not in the required delimited block."
"docs\architecture\025-manifest-driven-documentation-engine.md","2","Error","MISSING_OPENING_DELIMITER","The header block does not start with --- immediately after the first heading."
"docs\architecture\025-manifest-driven-documentation-engine.md","3","Warning","MISPLACED_OR_LEGACY_BLOCK","Document metadata exists, but it is not in the required delimited block."
"docs\architecture\026-openmeteo-historical-weather-architecture.md","2","Error","MISSING_OPENING_DELIMITER","The header block does not start with --- immediately after the first heading."
"docs\architecture\026-openmeteo-historical-weather-architecture.md","3","Warning","MISPLACED_OR_LEGACY_BLOCK","Document metadata exists, but it is not in the required delimited block."
"docs\architecture\027-octopus-energy-statement-architecture.md","2","Error","MISSING_OPENING_DELIMITER","The header block does not start with --- immediately after the first heading."
"docs\architecture\027-octopus-energy-statement-architecture.md","3","Warning","MISPLACED_OR_LEGACY_BLOCK","Document metadata exists, but it is not in the required delimited block."
"docs\architecture\028-shared-validation-and-jdbc-infrastructure.md","2","Error","MISSING_OPENING_DELIMITER","The header block does not start with --- immediately after the first heading."
"docs\architecture\028-shared-validation-and-jdbc-infrastructure.md","3","Warning","MISPLACED_OR_LEGACY_BLOCK","Document metadata exists, but it is not in the required delimited block."
"docs\architecture\ARCHITECTURE.md","2","Error","MISSING_OPENING_DELIMITER","The header block does not start with --- immediately after the first heading."
"docs\architecture\ARCHITECTURE.md","3","Warning","MISPLACED_OR_LEGACY_BLOCK","Document metadata exists, but it is not in the required delimited block."
"docs\architecture\CURRENT-CODE-INVENTORY.md","2","Error","MISSING_OPENING_DELIMITER","The header block does not start with --- immediately after the first heading."
"docs\architecture\CURRENT-CODE-INVENTORY.md","3","Warning","MISPLACED_OR_LEGACY_BLOCK","Document metadata exists, but it is not in the required delimited block."
"docs\architecture\database-concurrency.md","2","Error","MISSING_OPENING_DELIMITER","The header block does not start with --- immediately after the first heading."
"docs\architecture\database-concurrency.md","3","Warning","MISPLACED_OR_LEGACY_BLOCK","Document metadata exists, but it is not in the required delimited block."
"docs\architecture\DOCUMENTATION-AUDIT.md","2","Error","MISSING_OPENING_DELIMITER","The header block does not start with --- immediately after the first heading."
"docs\architecture\DOCUMENTATION-AUDIT.md","3","Warning","MISPLACED_OR_LEGACY_BLOCK","Document metadata exists, but it is not in the required delimited block."
"docs\architecture\download-and-parsing.md","2","Error","MISSING_OPENING_DELIMITER","The header block does not start with --- immediately after the first heading."
"docs\architecture\download-and-parsing.md","3","Warning","MISPLACED_OR_LEGACY_BLOCK","Document metadata exists, but it is not in the required delimited block."
"docs\architecture\parallel-plugin-runtime.md","2","Error","MISSING_OPENING_DELIMITER","The header block does not start with --- immediately after the first heading."
"docs\architecture\parallel-plugin-runtime.md","3","Warning","MISPLACED_OR_LEGACY_BLOCK","Document metadata exists, but it is not in the required delimited block."
"docs\architecture\PHASE-2-WEB-FILE-INGESTION.md","2","Error","MISSING_OPENING_DELIMITER","The header block does not start with --- immediately after the first heading."
"docs\architecture\PHASE-2-WEB-FILE-INGESTION.md","3","Warning","MISPLACED_OR_LEGACY_BLOCK","Document metadata exists, but it is not in the required delimited block."
"docs\architecture\PHASE-3-DATABASE-PERSISTENCE.md","2","Error","MISSING_OPENING_DELIMITER","The header block does not start with --- immediately after the first heading."
"docs\architecture\PHASE-3-DATABASE-PERSISTENCE.md","3","Warning","MISPLACED_OR_LEGACY_BLOCK","Document metadata exists, but it is not in the required delimited block."
"docs\build\AdministratorGuide-document-inventory.md","2","Error","MISSING_HEADER_BLOCK","No document metadata block was found after the first heading."
"docs\build\AdministratorGuide-document-inventory.md","2","Error","MISSING_OPENING_DELIMITER","The header block does not start with --- immediately after the first heading."
"docs\build\APIReference-document-inventory.md","2","Error","MISSING_HEADER_BLOCK","No document metadata block was found after the first heading."
"docs\build\APIReference-document-inventory.md","2","Error","MISSING_OPENING_DELIMITER","The header block does not start with --- immediately after the first heading."
"docs\build\DeveloperGuide-document-inventory.md","2","Error","MISSING_HEADER_BLOCK","No document metadata block was found after the first heading."
"docs\build\DeveloperGuide-document-inventory.md","2","Error","MISSING_OPENING_DELIMITER","The header block does not start with --- immediately after the first heading."
"docs\build\OpenData-Administrator-Guide.md","11","Error","MISSING_HEADER_BLOCK","No document metadata block was found after the first heading."
"docs\build\OpenData-Administrator-Guide.md","11","Error","MISSING_OPENING_DELIMITER","The header block does not start with --- immediately after the first heading."
"docs\build\OpenData-API-Reference.md","11","Error","MISSING_HEADER_BLOCK","No document metadata block was found after the first heading."
"docs\build\OpenData-API-Reference.md","11","Error","MISSING_OPENING_DELIMITER","The header block does not start with --- immediately after the first heading."
"docs\build\OpenData-Developer-Guide.md","11","Error","MISSING_HEADER_BLOCK","No document metadata block was found after the first heading."
"docs\build\OpenData-Developer-Guide.md","11","Error","MISSING_OPENING_DELIMITER","The header block does not start with --- immediately after the first heading."
"docs\build\OpenData-Technical-Documentation.md","9","Error","MISSING_OPENING_DELIMITER","The header block does not start with --- immediately after the first heading."
"docs\build\OpenData-Technical-Documentation.md","1094","Warning","MISPLACED_OR_LEGACY_BLOCK","Document metadata exists, but it is not in the required delimited block."
"docs\build\OpenData-Technical-User-Guide.md","11","Error","MISSING_HEADER_BLOCK","No document metadata block was found after the first heading."
"docs\build\OpenData-Technical-User-Guide.md","11","Error","MISSING_OPENING_DELIMITER","The header block does not start with --- immediately after the first heading."
"docs\build\technical-document-inventory.md","2","Error","MISSING_HEADER_BLOCK","No document metadata block was found after the first heading."
"docs\build\technical-document-inventory.md","2","Error","MISSING_OPENING_DELIMITER","The header block does not start with --- immediately after the first heading."
"docs\build\TechnicalUserGuide-document-inventory.md","2","Error","MISSING_HEADER_BLOCK","No document metadata block was found after the first heading."
"docs\build\TechnicalUserGuide-document-inventory.md","2","Error","MISSING_OPENING_DELIMITER","The header block does not start with --- immediately after the first heading."
"docs\ChangeLog.md","2","Error","MISSING_HEADER_BLOCK","No document metadata block was found after the first heading."
"docs\ChangeLog.md","2","Error","MISSING_OPENING_DELIMITER","The header block does not start with --- immediately after the first heading."
"docs\CODE_OF_CONDUCT.md","2","Error","MISSING_HEADER_BLOCK","No document metadata block was found after the first heading."
"docs\CODE_OF_CONDUCT.md","2","Error","MISSING_OPENING_DELIMITER","The header block does not start with --- immediately after the first heading."
"docs\Contributions.md","2","Error","MISSING_HEADER_BLOCK","No document metadata block was found after the first heading."
"docs\Contributions.md","2","Error","MISSING_OPENING_DELIMITER","The header block does not start with --- immediately after the first heading."
"docs\decisions\ADR-0001-plugin-architecture.md","2","Error","MISSING_HEADER_BLOCK","No document metadata block was found after the first heading."
"docs\decisions\ADR-0001-plugin-architecture.md","2","Error","MISSING_OPENING_DELIMITER","The header block does not start with --- immediately after the first heading."
"docs\decisions\ADR-0002-apache-commons-cli.md","2","Error","MISSING_HEADER_BLOCK","No document metadata block was found after the first heading."
"docs\decisions\ADR-0002-apache-commons-cli.md","2","Error","MISSING_OPENING_DELIMITER","The header block does not start with --- immediately after the first heading."
"docs\decisions\ADR-0003-java-util-logging.md","2","Error","MISSING_HEADER_BLOCK","No document metadata block was found after the first heading."
"docs\decisions\ADR-0003-java-util-logging.md","2","Error","MISSING_OPENING_DELIMITER","The header block does not start with --- immediately after the first heading."
"docs\decisions\ADR-0004-parameter-file-layering.md","2","Error","MISSING_HEADER_BLOCK","No document metadata block was found after the first heading."
"docs\decisions\ADR-0004-parameter-file-layering.md","2","Error","MISSING_OPENING_DELIMITER","The header block does not start with --- immediately after the first heading."
"docs\decisions\ADR-0005-sql-server-persistence.md","2","Error","MISSING_HEADER_BLOCK","No document metadata block was found after the first heading."
"docs\decisions\ADR-0005-sql-server-persistence.md","2","Error","MISSING_OPENING_DELIMITER","The header block does not start with --- immediately after the first heading."
"docs\decisions\ADR-0006-package-info-documentation.md","2","Error","MISSING_HEADER_BLOCK","No document metadata block was found after the first heading."
"docs\decisions\ADR-0006-package-info-documentation.md","2","Error","MISSING_OPENING_DELIMITER","The header block does not start with --- immediately after the first heading."
"docs\decisions\ADR-0007-modular-monolith.md","2","Error","MISSING_HEADER_BLOCK","No document metadata block was found after the first heading."
"docs\decisions\ADR-0007-modular-monolith.md","2","Error","MISSING_OPENING_DELIMITER","The header block does not start with --- immediately after the first heading."
"docs\decisions\ADR-0008-java-17-records-immutable-models.md","2","Error","MISSING_HEADER_BLOCK","No document metadata block was found after the first heading."
"docs\decisions\ADR-0008-java-17-records-immutable-models.md","2","Error","MISSING_OPENING_DELIMITER","The header block does not start with --- immediately after the first heading."
"docs\decisions\ADR-0009-common-staged-etl-pipeline.md","2","Error","MISSING_HEADER_BLOCK","No document metadata block was found after the first heading."
"docs\decisions\ADR-0009-common-staged-etl-pipeline.md","2","Error","MISSING_OPENING_DELIMITER","The header block does not start with --- immediately after the first heading."
"docs\decisions\ADR-0010-constructor-injection-no-di-framework.md","2","Error","MISSING_HEADER_BLOCK","No document metadata block was found after the first heading."
"docs\decisions\ADR-0010-constructor-injection-no-di-framework.md","2","Error","MISSING_OPENING_DELIMITER","The header block does not start with --- immediately after the first heading."
"docs\decisions\ADR-0011-jdk-http-client-downloads.md","2","Error","MISSING_HEADER_BLOCK","No document metadata block was found after the first heading."
"docs\decisions\ADR-0011-jdk-http-client-downloads.md","2","Error","MISSING_OPENING_DELIMITER","The header block does not start with --- immediately after the first heading."
"docs\decisions\ADR-0012-plugin-properties-before-database-configuration.md","2","Error","MISSING_HEADER_BLOCK","No document metadata block was found after the first heading."
"docs\decisions\ADR-0012-plugin-properties-before-database-configuration.md","2","Error","MISSING_OPENING_DELIMITER","The header block does not start with --- immediately after the first heading."
"docs\decisions\ADR-0013-plugin-manifest-and-registry.md","2","Error","MISSING_HEADER_BLOCK","No document metadata block was found after the first heading."
"docs\decisions\ADR-0013-plugin-manifest-and-registry.md","2","Error","MISSING_OPENING_DELIMITER","The header block does not start with --- immediately after the first heading."
"docs\decisions\ADR-0014-framework-metadata-and-plugin-business-tables.md","2","Error","MISSING_HEADER_BLOCK","No document metadata block was found after the first heading."
"docs\decisions\ADR-0014-framework-metadata-and-plugin-business-tables.md","2","Error","MISSING_OPENING_DELIMITER","The header block does not start with --- immediately after the first heading."
"docs\decisions\ADR-0015-database-abstraction-sql-server-first.md","2","Error","MISSING_HEADER_BLOCK","No document metadata block was found after the first heading."
"docs\decisions\ADR-0015-database-abstraction-sql-server-first.md","2","Error","MISSING_OPENING_DELIMITER","The header block does not start with --- immediately after the first heading."
"docs\decisions\ADR-0016-exception-hierarchy-and-boundary-translation.md","2","Error","MISSING_HEADER_BLOCK","No document metadata block was found after the first heading."
"docs\decisions\ADR-0016-exception-hierarchy-and-boundary-translation.md","2","Error","MISSING_OPENING_DELIMITER","The header block does not start with --- immediately after the first heading."
"docs\decisions\ADR-0017-documentation-as-code.md","2","Error","MISSING_HEADER_BLOCK","No document metadata block was found after the first heading."
"docs\decisions\ADR-0017-documentation-as-code.md","2","Error","MISSING_OPENING_DELIMITER","The header block does not start with --- immediately after the first heading."
"docs\decisions\ADR-0018-minimal-dependencies-standard-java-first.md","2","Error","MISSING_HEADER_BLOCK","No document metadata block was found after the first heading."
"docs\decisions\ADR-0018-minimal-dependencies-standard-java-first.md","2","Error","MISSING_OPENING_DELIMITER","The header block does not start with --- immediately after the first heading."
"docs\decisions\ADR-0019-ofgem-reference-plugin.md","2","Error","MISSING_HEADER_BLOCK","No document metadata block was found after the first heading."
"docs\decisions\ADR-0019-ofgem-reference-plugin.md","2","Error","MISSING_OPENING_DELIMITER","The header block does not start with --- immediately after the first heading."
"docs\decisions\ADR-0020-internal-scheduling-deferred.md","2","Error","MISSING_HEADER_BLOCK","No document metadata block was found after the first heading."
"docs\decisions\ADR-0020-internal-scheduling-deferred.md","2","Error","MISSING_OPENING_DELIMITER","The header block does not start with --- immediately after the first heading."
"docs\decisions\ADR-0021-apache-commons-csv.md","2","Error","MISSING_HEADER_BLOCK","No document metadata block was found after the first heading."
"docs\decisions\ADR-0021-apache-commons-csv.md","2","Error","MISSING_OPENING_DELIMITER","The header block does not start with --- immediately after the first heading."
"docs\decisions\ADR-0021-configuration-resolution-and-validation.md","2","Error","MISSING_HEADER_BLOCK","No document metadata block was found after the first heading."
"docs\decisions\ADR-0021-configuration-resolution-and-validation.md","2","Error","MISSING_OPENING_DELIMITER","The header block does not start with --- immediately after the first heading."
"docs\decisions\ADR-0022-cli-control-commands-and-exit-codes.md","2","Error","MISSING_HEADER_BLOCK","No document metadata block was found after the first heading."
"docs\decisions\ADR-0022-cli-control-commands-and-exit-codes.md","2","Error","MISSING_OPENING_DELIMITER","The header block does not start with --- immediately after the first heading."
"docs\decisions\ADR-0022-jsoup-html-link-discovery.md","2","Error","MISSING_HEADER_BLOCK","No document metadata block was found after the first heading."
"docs\decisions\ADR-0022-jsoup-html-link-discovery.md","2","Error","MISSING_OPENING_DELIMITER","The header block does not start with --- immediately after the first heading."
"docs\decisions\ADR-0023-apache-poi-excel.md","2","Error","MISSING_HEADER_BLOCK","No document metadata block was found after the first heading."
"docs\decisions\ADR-0023-apache-poi-excel.md","2","Error","MISSING_OPENING_DELIMITER","The header block does not start with --- immediately after the first heading."
"docs\decisions\ADR-0023-format-parser-adapters.md","2","Error","MISSING_HEADER_BLOCK","No document metadata block was found after the first heading."
"docs\decisions\ADR-0023-format-parser-adapters.md","2","Error","MISSING_OPENING_DELIMITER","The header block does not start with --- immediately after the first heading."
"docs\decisions\ADR-0024-credential-references-not-secrets.md","2","Error","MISSING_HEADER_BLOCK","No document metadata block was found after the first heading."
"docs\decisions\ADR-0024-credential-references-not-secrets.md","2","Error","MISSING_OPENING_DELIMITER","The header block does not start with --- immediately after the first heading."
"docs\decisions\ADR-0024-imap-email-attachment-source.md","2","Error","MISSING_HEADER_BLOCK","No document metadata block was found after the first heading."
"docs\decisions\ADR-0024-imap-email-attachment-source.md","2","Error","MISSING_OPENING_DELIMITER","The header block does not start with --- immediately after the first heading."
"docs\decisions\ADR-0025-database-plugin-configuration-json.md","2","Error","MISSING_HEADER_BLOCK","No document metadata block was found after the first heading."
"docs\decisions\ADR-0025-database-plugin-configuration-json.md","2","Error","MISSING_OPENING_DELIMITER","The header block does not start with --- immediately after the first heading."
"docs\decisions\ADR-0025-octopus-email-bill-plugin.md","2","Error","MISSING_HEADER_BLOCK","No document metadata block was found after the first heading."
"docs\decisions\ADR-0025-octopus-email-bill-plugin.md","2","Error","MISSING_OPENING_DELIMITER","The header block does not start with --- immediately after the first heading."
"docs\decisions\ADR-0026-openmeteo-reference-plugin.md","2","Error","MISSING_HEADER_BLOCK","No document metadata block was found after the first heading."
"docs\decisions\ADR-0026-openmeteo-reference-plugin.md","2","Error","MISSING_OPENING_DELIMITER","The header block does not start with --- immediately after the first heading."
"docs\decisions\ADR-0026-transactional-octopus-record-persistence.md","2","Error","MISSING_HEADER_BLOCK","No document metadata block was found after the first heading."
"docs\decisions\ADR-0026-transactional-octopus-record-persistence.md","2","Error","MISSING_OPENING_DELIMITER","The header block does not start with --- immediately after the first heading."
"docs\decisions\ADR-0027-idempotent-email-attachment-processing.md","2","Error","MISSING_HEADER_BLOCK","No document metadata block was found after the first heading."
"docs\decisions\ADR-0027-idempotent-email-attachment-processing.md","2","Error","MISSING_OPENING_DELIMITER","The header block does not start with --- immediately after the first heading."
"docs\decisions\ADR-0028-openmeteo-historical-weather-plugin.md","2","Error","MISSING_HEADER_BLOCK","No document metadata block was found after the first heading."
"docs\decisions\ADR-0028-openmeteo-historical-weather-plugin.md","2","Error","MISSING_OPENING_DELIMITER","The header block does not start with --- immediately after the first heading."
"docs\decisions\ADR-0029-web-file-discovery-and-tabular-parsing.md","2","Error","MISSING_HEADER_BLOCK","No document metadata block was found after the first heading."
"docs\decisions\ADR-0029-web-file-discovery-and-tabular-parsing.md","2","Error","MISSING_OPENING_DELIMITER","The header block does not start with --- immediately after the first heading."
"docs\decisions\ADR-0030-bounded-parallel-plugin-execution.md","2","Error","MISSING_HEADER_BLOCK","No document metadata block was found after the first heading."
"docs\decisions\ADR-0030-bounded-parallel-plugin-execution.md","2","Error","MISSING_OPENING_DELIMITER","The header block does not start with --- immediately after the first heading."
"docs\decisions\ADR-0030-managed-database-connection-pool.md","2","Error","MISSING_HEADER_BLOCK","No document metadata block was found after the first heading."
"docs\decisions\ADR-0030-managed-database-connection-pool.md","2","Error","MISSING_OPENING_DELIMITER","The header block does not start with --- immediately after the first heading."
"docs\decisions\ADR-0031-database-concurrency-owned-by-transactions.md","2","Error","MISSING_HEADER_BLOCK","No document metadata block was found after the first heading."
"docs\decisions\ADR-0031-database-concurrency-owned-by-transactions.md","2","Error","MISSING_OPENING_DELIMITER","The header block does not start with --- immediately after the first heading."
"docs\decisions\ADR-0031-normalised-ofgem-price-cap-schema.md","2","Error","MISSING_HEADER_BLOCK","No document metadata block was found after the first heading."
"docs\decisions\ADR-0031-normalised-ofgem-price-cap-schema.md","2","Error","MISSING_OPENING_DELIMITER","The header block does not start with --- immediately after the first heading."
"docs\decisions\ADR-0032-explicit-jdbc-repositories.md","2","Error","MISSING_HEADER_BLOCK","No document metadata block was found after the first heading."
"docs\decisions\ADR-0032-explicit-jdbc-repositories.md","2","Error","MISSING_OPENING_DELIMITER","The header block does not start with --- immediately after the first heading."
"docs\decisions\ADR-0032-openmeteo-relational-storage.md","2","Error","MISSING_HEADER_BLOCK","No document metadata block was found after the first heading."
"docs\decisions\ADR-0032-openmeteo-relational-storage.md","2","Error","MISSING_OPENING_DELIMITER","The header block does not start with --- immediately after the first heading."
"docs\decisions\ADR-0033-contextual-jul-for-concurrent-plugins.md","2","Error","MISSING_HEADER_BLOCK","No document metadata block was found after the first heading."
"docs\decisions\ADR-0033-contextual-jul-for-concurrent-plugins.md","2","Error","MISSING_OPENING_DELIMITER","The header block does not start with --- immediately after the first heading."
"docs\decisions\ADR-0033-ordered-idempotent-sql-scripts.md","2","Error","MISSING_HEADER_BLOCK","No document metadata block was found after the first heading."
"docs\decisions\ADR-0033-ordered-idempotent-sql-scripts.md","2","Error","MISSING_OPENING_DELIMITER","The header block does not start with --- immediately after the first heading."
"docs\decisions\ADR-0034-ingestion-audit-and-source-provenance.md","2","Error","MISSING_HEADER_BLOCK","No document metadata block was found after the first heading."
"docs\decisions\ADR-0034-ingestion-audit-and-source-provenance.md","2","Error","MISSING_OPENING_DELIMITER","The header block does not start with --- immediately after the first heading."
"docs\decisions\ADR-0035-transactional-period-replacement.md","2","Error","MISSING_HEADER_BLOCK","No document metadata block was found after the first heading."
"docs\decisions\ADR-0035-transactional-period-replacement.md","2","Error","MISSING_OPENING_DELIMITER","The header block does not start with --- immediately after the first heading."
"docs\decisions\ADR-0036-least-privilege-application-role.md","2","Error","MISSING_HEADER_BLOCK","No document metadata block was found after the first heading."
"docs\decisions\ADR-0036-least-privilege-application-role.md","2","Error","MISSING_OPENING_DELIMITER","The header block does not start with --- immediately after the first heading."
"docs\decisions\ADR-0037-preserve-source-cell-lineage.md","2","Error","MISSING_HEADER_BLOCK","No document metadata block was found after the first heading."
"docs\decisions\ADR-0037-preserve-source-cell-lineage.md","2","Error","MISSING_OPENING_DELIMITER","The header block does not start with --- immediately after the first heading."
"docs\decisions\ADR-0038-bounded-parallel-plugin-execution.md","2","Error","MISSING_HEADER_BLOCK","No document metadata block was found after the first heading."
"docs\decisions\ADR-0038-bounded-parallel-plugin-execution.md","2","Error","MISSING_OPENING_DELIMITER","The header block does not start with --- immediately after the first heading."
"docs\decisions\ADR-0039-database-concurrency-owned-by-transactions.md","2","Error","MISSING_HEADER_BLOCK","No document metadata block was found after the first heading."
"docs\decisions\ADR-0039-database-concurrency-owned-by-transactions.md","2","Error","MISSING_OPENING_DELIMITER","The header block does not start with --- immediately after the first heading."
"docs\decisions\ADR-0040-openmeteo-relational-storage.md","2","Error","MISSING_HEADER_BLOCK","No document metadata block was found after the first heading."
"docs\decisions\ADR-0040-openmeteo-relational-storage.md","2","Error","MISSING_OPENING_DELIMITER","The header block does not start with --- immediately after the first heading."
"docs\decisions\ADR-0041-contextual-jul-for-concurrent-plugins.md","2","Error","MISSING_HEADER_BLOCK","No document metadata block was found after the first heading."
"docs\decisions\ADR-0041-contextual-jul-for-concurrent-plugins.md","2","Error","MISSING_OPENING_DELIMITER","The header block does not start with --- immediately after the first heading."
"docs\decisions\ADR-0042-side-effect-free-dry-run.md","2","Error","MISSING_HEADER_BLOCK","No document metadata block was found after the first heading."
"docs\decisions\ADR-0042-side-effect-free-dry-run.md","2","Error","MISSING_OPENING_DELIMITER","The header block does not start with --- immediately after the first heading."
"docs\decisions\ADR-0043-plugin-local-pipeline-packages.md","2","Error","MISSING_HEADER_BLOCK","No document metadata block was found after the first heading."
"docs\decisions\ADR-0043-plugin-local-pipeline-packages.md","2","Error","MISSING_OPENING_DELIMITER","The header block does not start with --- immediately after the first heading."
"docs\decisions\ADR-0044-octopus-energy.md","2","Error","MISSING_HEADER_BLOCK","No document metadata block was found after the first heading."
"docs\decisions\ADR-0044-octopus-energy.md","2","Error","MISSING_OPENING_DELIMITER","The header block does not start with --- immediately after the first heading."
"docs\decisions\ADR-0045-documentation-delivery-baseline.md","2","Error","MISSING_HEADER_BLOCK","No document metadata block was found after the first heading."
"docs\decisions\ADR-0045-documentation-delivery-baseline.md","2","Error","MISSING_OPENING_DELIMITER","The header block does not start with --- immediately after the first heading."
"docs\decisions\ADR-0046-manifest-driven-documentation-engine.md","2","Error","MISSING_HEADER_BLOCK","No document metadata block was found after the first heading."
"docs\decisions\ADR-0046-manifest-driven-documentation-engine.md","2","Error","MISSING_OPENING_DELIMITER","The header block does not start with --- immediately after the first heading."
"docs\decisions\ADR-0047-database-backed-configuration-registration.md","2","Error","MISSING_HEADER_BLOCK","No document metadata block was found after the first heading."
"docs\decisions\ADR-0047-database-backed-configuration-registration.md","2","Error","MISSING_OPENING_DELIMITER","The header block does not start with --- immediately after the first heading."
"docs\decisions\ADR-0048-persistent-plugin-registry-and-cli-lifecycle.md","2","Error","MISSING_HEADER_BLOCK","No document metadata block was found after the first heading."
"docs\decisions\ADR-0048-persistent-plugin-registry-and-cli-lifecycle.md","2","Error","MISSING_OPENING_DELIMITER","The header block does not start with --- immediately after the first heading."
"docs\decisions\ADR-0049-shared-validation-and-jdbc-execution.md","2","Error","MISSING_HEADER_BLOCK","No document metadata block was found after the first heading."
"docs\decisions\ADR-0049-shared-validation-and-jdbc-execution.md","2","Error","MISSING_OPENING_DELIMITER","The header block does not start with --- immediately after the first heading."
"docs\decisions\ADR-0050-application-metadata-validation-and-utilities.md","2","Error","MISSING_HEADER_BLOCK","No document metadata block was found after the first heading."
"docs\decisions\ADR-0050-application-metadata-validation-and-utilities.md","2","Error","MISSING_OPENING_DELIMITER","The header block does not start with --- immediately after the first heading."
"docs\decisions\ADR-REGISTER.md","2","Error","MISSING_OPENING_DELIMITER","The header block does not start with --- immediately after the first heading."
"docs\decisions\ADR-REGISTER.md","3","Warning","MISPLACED_OR_LEGACY_BLOCK","Document metadata exists, but it is not in the required delimited block."
"docs\decisions\ADR-TEMPLATE.md","2","Error","MISSING_HEADER_BLOCK","No document metadata block was found after the first heading."
"docs\decisions\ADR-TEMPLATE.md","2","Error","MISSING_OPENING_DELIMITER","The header block does not start with --- immediately after the first heading."
"docs\decisions\README.md","2","Error","MISSING_OPENING_DELIMITER","The header block does not start with --- immediately after the first heading."
"docs\decisions\README.md","3","Warning","MISPLACED_OR_LEGACY_BLOCK","Document metadata exists, but it is not in the required delimited block."
"docs\development\Build-CI-and-Release-Guide.md","2","Error","MISSING_OPENING_DELIMITER","The header block does not start with --- immediately after the first heading."
"docs\development\Build-CI-and-Release-Guide.md","3","Warning","MISPLACED_OR_LEGACY_BLOCK","Document metadata exists, but it is not in the required delimited block."
"docs\development\dependency-management.md","2","Error","MISSING_OPENING_DELIMITER","The header block does not start with --- immediately after the first heading."
"docs\development\dependency-management.md","3","Warning","MISPLACED_OR_LEGACY_BLOCK","Document metadata exists, but it is not in the required delimited block."
"docs\development\Java-Quality-Guide.md","2","Error","MISSING_OPENING_DELIMITER","The header block does not start with --- immediately after the first heading."
"docs\development\Java-Quality-Guide.md","3","Warning","MISPLACED_OR_LEGACY_BLOCK","Document metadata exists, but it is not in the required delimited block."
"docs\development\local-build-test-run.md","2","Error","MISSING_OPENING_DELIMITER","The header block does not start with --- immediately after the first heading."
"docs\development\local-build-test-run.md","3","Warning","MISPLACED_OR_LEGACY_BLOCK","Document metadata exists, but it is not in the required delimited block."
"docs\development\README.md","2","Error","MISSING_OPENING_DELIMITER","The header block does not start with --- immediately after the first heading."
"docs\development\README.md","3","Warning","MISPLACED_OR_LEGACY_BLOCK","Document metadata exists, but it is not in the required delimited block."
"docs\development\release-and-versioning.md","2","Error","MISSING_OPENING_DELIMITER","The header block does not start with --- immediately after the first heading."
"docs\development\release-and-versioning.md","3","Warning","MISPLACED_OR_LEGACY_BLOCK","Document metadata exists, but it is not in the required delimited block."
"docs\development\repository-structure.md","2","Error","MISSING_OPENING_DELIMITER","The header block does not start with --- immediately after the first heading."
"docs\development\repository-structure.md","3","Warning","MISPLACED_OR_LEGACY_BLOCK","Document metadata exists, but it is not in the required delimited block."
"docs\diagrams\README.md","2","Error","MISSING_OPENING_DELIMITER","The header block does not start with --- immediately after the first heading."
"docs\diagrams\README.md","3","Warning","MISPLACED_OR_LEGACY_BLOCK","Document metadata exists, but it is not in the required delimited block."
"docs\diagrams\source\README.md","2","Error","MISSING_OPENING_DELIMITER","The header block does not start with --- immediately after the first heading."
"docs\diagrams\source\README.md","3","Warning","MISPLACED_OR_LEGACY_BLOCK","Document metadata exists, but it is not in the required delimited block."
"docs\DOCUMENTATION-INDEX.md","2","Error","MISSING_HEADER_BLOCK","No document metadata block was found after the first heading."
"docs\DOCUMENTATION-INDEX.md","2","Error","MISSING_OPENING_DELIMITER","The header block does not start with --- immediately after the first heading."
"docs\Documentation-Standards.md","2","Error","MISSING_HEADER_BLOCK","No document metadata block was found after the first heading."
"docs\Documentation-Standards.md","2","Error","MISSING_OPENING_DELIMITER","The header block does not start with --- immediately after the first heading."
"docs\examples\example-plugin\README.md","2","Error","MISSING_OPENING_DELIMITER","The header block does not start with --- immediately after the first heading."
"docs\examples\example-plugin\README.md","3","Warning","MISPLACED_OR_LEGACY_BLOCK","Document metadata exists, but it is not in the required delimited block."
"docs\generated\README.md","2","Error","MISSING_HEADER_BLOCK","No document metadata block was found after the first heading."
"docs\generated\README.md","2","Error","MISSING_OPENING_DELIMITER","The header block does not start with --- immediately after the first heading."
"docs\governance\data-and-privacy-governance.md","2","Error","MISSING_HEADER_BLOCK","No document metadata block was found after the first heading."
"docs\governance\data-and-privacy-governance.md","2","Error","MISSING_OPENING_DELIMITER","The header block does not start with --- immediately after the first heading."
"docs\governance\dependency-and-attribution-management.md","2","Error","MISSING_HEADER_BLOCK","No document metadata block was found after the first heading."
"docs\governance\dependency-and-attribution-management.md","2","Error","MISSING_OPENING_DELIMITER","The header block does not start with --- immediately after the first heading."
"docs\governance\README.md","2","Error","MISSING_HEADER_BLOCK","No document metadata block was found after the first heading."
"docs\governance\README.md","2","Error","MISSING_OPENING_DELIMITER","The header block does not start with --- immediately after the first heading."
"docs\governance\release-compliance-checklist.md","2","Error","MISSING_HEADER_BLOCK","No document metadata block was found after the first heading."
"docs\governance\release-compliance-checklist.md","2","Error","MISSING_OPENING_DELIMITER","The header block does not start with --- immediately after the first heading."
"docs\guides\adding-a-csv-plugin.md","2","Error","MISSING_OPENING_DELIMITER","The header block does not start with --- immediately after the first heading."
"docs\guides\adding-a-csv-plugin.md","3","Warning","MISPLACED_OR_LEGACY_BLOCK","Document metadata exists, but it is not in the required delimited block."
"docs\guides\adding-a-json-plugin.md","2","Error","MISSING_OPENING_DELIMITER","The header block does not start with --- immediately after the first heading."
"docs\guides\adding-a-json-plugin.md","3","Warning","MISPLACED_OR_LEGACY_BLOCK","Document metadata exists, but it is not in the required delimited block."
"docs\guides\adding-an-excel-plugin.md","2","Error","MISSING_OPENING_DELIMITER","The header block does not start with --- immediately after the first heading."
"docs\guides\adding-an-excel-plugin.md","3","Warning","MISPLACED_OR_LEGACY_BLOCK","Document metadata exists, but it is not in the required delimited block."
"docs\guides\adding-a-plugin.md","2","Error","MISSING_OPENING_DELIMITER","The header block does not start with --- immediately after the first heading."
"docs\guides\adding-a-plugin.md","3","Warning","MISPLACED_OR_LEGACY_BLOCK","Document metadata exists, but it is not in the required delimited block."
"docs\guides\adding-html-link-discovery.md","2","Error","MISSING_OPENING_DELIMITER","The header block does not start with --- immediately after the first heading."
"docs\guides\adding-html-link-discovery.md","3","Warning","MISPLACED_OR_LEGACY_BLOCK","Document metadata exists, but it is not in the required delimited block."
"docs\guides\configuring-api-credentials.md","2","Error","MISSING_OPENING_DELIMITER","The header block does not start with --- immediately after the first heading."
"docs\guides\configuring-api-credentials.md","3","Warning","MISPLACED_OR_LEGACY_BLOCK","Document metadata exists, but it is not in the required delimited block."
"docs\guides\database-configuration-and-security.md","2","Error","MISSING_OPENING_DELIMITER","The header block does not start with --- immediately after the first heading."
"docs\guides\database-configuration-and-security.md","3","Warning","MISPLACED_OR_LEGACY_BLOCK","Document metadata exists, but it is not in the required delimited block."
"docs\guides\database-troubleshooting.md","2","Error","MISSING_OPENING_DELIMITER","The header block does not start with --- immediately after the first heading."
"docs\guides\database-troubleshooting.md","3","Warning","MISPLACED_OR_LEGACY_BLOCK","Document metadata exists, but it is not in the required delimited block."
"docs\guides\plugin-contract-migration.md","2","Error","MISSING_OPENING_DELIMITER","The header block does not start with --- immediately after the first heading."
"docs\guides\plugin-contract-migration.md","3","Warning","MISPLACED_OR_LEGACY_BLOCK","Document metadata exists, but it is not in the required delimited block."
"docs\guides\quick-start.md","2","Error","MISSING_OPENING_DELIMITER","The header block does not start with --- immediately after the first heading."
"docs\guides\quick-start.md","3","Warning","MISPLACED_OR_LEGACY_BLOCK","Document metadata exists, but it is not in the required delimited block."
"docs\guides\README.md","2","Error","MISSING_OPENING_DELIMITER","The header block does not start with --- immediately after the first heading."
"docs\guides\README.md","3","Warning","MISPLACED_OR_LEGACY_BLOCK","Document metadata exists, but it is not in the required delimited block."
"docs\guides\running-and-testing.md","2","Error","MISSING_OPENING_DELIMITER","The header block does not start with --- immediately after the first heading."
"docs\guides\running-and-testing.md","3","Warning","MISPLACED_OR_LEGACY_BLOCK","Document metadata exists, but it is not in the required delimited block."
"docs\guides\running-plugins.md","2","Error","MISSING_OPENING_DELIMITER","The header block does not start with --- immediately after the first heading."
"docs\guides\running-plugins.md","3","Warning","MISPLACED_OR_LEGACY_BLOCK","Document metadata exists, but it is not in the required delimited block."
"docs\guides\run-ofgem-price-cap-import.md","2","Error","MISSING_OPENING_DELIMITER","The header block does not start with --- immediately after the first heading."
"docs\guides\run-ofgem-price-cap-import.md","3","Warning","MISPLACED_OR_LEGACY_BLOCK","Document metadata exists, but it is not in the required delimited block."
"docs\guides\sql-server-bootstrap.md","2","Error","MISSING_OPENING_DELIMITER","The header block does not start with --- immediately after the first heading."
"docs\guides\sql-server-bootstrap.md","3","Warning","MISPLACED_OR_LEGACY_BLOCK","Document metadata exists, but it is not in the required delimited block."
"docs\Licensing-Policy.md","2","Error","MISSING_HEADER_BLOCK","No document metadata block was found after the first heading."
"docs\Licensing-Policy.md","2","Error","MISSING_OPENING_DELIMITER","The header block does not start with --- immediately after the first heading."
"docs\manifests\README.md","2","Error","MISSING_HEADER_BLOCK","No document metadata block was found after the first heading."
"docs\manifests\README.md","2","Error","MISSING_OPENING_DELIMITER","The header block does not start with --- immediately after the first heading."
"docs\migration\MANIFEST-DRIVEN-DOCUMENTATION-ENGINE.md","2","Error","MISSING_HEADER_BLOCK","No document metadata block was found after the first heading."
"docs\migration\MANIFEST-DRIVEN-DOCUMENTATION-ENGINE.md","2","Error","MISSING_OPENING_DELIMITER","The header block does not start with --- immediately after the first heading."
"docs\migration\version-1-to-version-2.md","2","Error","MISSING_OPENING_DELIMITER","The header block does not start with --- immediately after the first heading."
"docs\migration\version-1-to-version-2.md","3","Warning","MISPLACED_OR_LEGACY_BLOCK","Document metadata exists, but it is not in the required delimited block."
"docs\operations\backup-and-recovery.md","2","Error","MISSING_OPENING_DELIMITER","The header block does not start with --- immediately after the first heading."
"docs\operations\backup-and-recovery.md","3","Warning","MISPLACED_OR_LEGACY_BLOCK","Document metadata exists, but it is not in the required delimited block."
"docs\operations\logging-and-pool.md","2","Error","MISSING_OPENING_DELIMITER","The header block does not start with --- immediately after the first heading."
"docs\operations\logging-and-pool.md","3","Warning","MISPLACED_OR_LEGACY_BLOCK","Document metadata exists, but it is not in the required delimited block."
"docs\operations\monitoring-and-diagnostics.md","2","Error","MISSING_OPENING_DELIMITER","The header block does not start with --- immediately after the first heading."
"docs\operations\monitoring-and-diagnostics.md","3","Warning","MISPLACED_OR_LEGACY_BLOCK","Document metadata exists, but it is not in the required delimited block."
"docs\operations\operations-runbook.md","2","Error","MISSING_OPENING_DELIMITER","The header block does not start with --- immediately after the first heading."
"docs\operations\operations-runbook.md","3","Warning","MISPLACED_OR_LEGACY_BLOCK","Document metadata exists, but it is not in the required delimited block."
"docs\operations\README.md","2","Error","MISSING_OPENING_DELIMITER","The header block does not start with --- immediately after the first heading."
"docs\operations\README.md","3","Warning","MISPLACED_OR_LEGACY_BLOCK","Document metadata exists, but it is not in the required delimited block."
"docs\plugins\octopus\README.md","2","Error","MISSING_OPENING_DELIMITER","The header block does not start with --- immediately after the first heading."
"docs\plugins\octopus\README.md","3","Warning","MISPLACED_OR_LEGACY_BLOCK","Document metadata exists, but it is not in the required delimited block."
"docs\plugins\ofgem\data-model.md","2","Error","MISSING_OPENING_DELIMITER","The header block does not start with --- immediately after the first heading."
"docs\plugins\ofgem\data-model.md","3","Warning","MISPLACED_OR_LEGACY_BLOCK","Document metadata exists, but it is not in the required delimited block."
"docs\plugins\ofgem\README.md","2","Error","MISSING_OPENING_DELIMITER","The header block does not start with --- immediately after the first heading."
"docs\plugins\ofgem\README.md","3","Warning","MISPLACED_OR_LEGACY_BLOCK","Document metadata exists, but it is not in the required delimited block."
"docs\plugins\ofgem\workbook-mapping.md","2","Error","MISSING_OPENING_DELIMITER","The header block does not start with --- immediately after the first heading."
"docs\plugins\ofgem\workbook-mapping.md","3","Warning","MISPLACED_OR_LEGACY_BLOCK","Document metadata exists, but it is not in the required delimited block."
"docs\plugins\openmeteo\MIGRATION-NOTES.md","2","Error","MISSING_OPENING_DELIMITER","The header block does not start with --- immediately after the first heading."
"docs\plugins\openmeteo\MIGRATION-NOTES.md","3","Warning","MISPLACED_OR_LEGACY_BLOCK","Document metadata exists, but it is not in the required delimited block."
"docs\plugins\openmeteo\README.md","2","Error","MISSING_OPENING_DELIMITER","The header block does not start with --- immediately after the first heading."
"docs\plugins\openmeteo\README.md","3","Warning","MISPLACED_OR_LEGACY_BLOCK","Document metadata exists, but it is not in the required delimited block."
"docs\plugins\README.md","2","Error","MISSING_OPENING_DELIMITER","The header block does not start with --- immediately after the first heading."
"docs\plugins\README.md","3","Warning","MISPLACED_OR_LEGACY_BLOCK","Document metadata exists, but it is not in the required delimited block."
"docs\README.md","2","Error","MISSING_HEADER_BLOCK","No document metadata block was found after the first heading."
"docs\README.md","2","Error","MISSING_OPENING_DELIMITER","The header block does not start with --- immediately after the first heading."
"docs\reference\command-line-reference.md","2","Error","MISSING_OPENING_DELIMITER","The header block does not start with --- immediately after the first heading."
"docs\reference\command-line-reference.md","3","Warning","MISPLACED_OR_LEGACY_BLOCK","Document metadata exists, but it is not in the required delimited block."
"docs\reference\configuration-reference.md","2","Error","MISSING_OPENING_DELIMITER","The header block does not start with --- immediately after the first heading."
"docs\reference\configuration-reference.md","3","Warning","MISPLACED_OR_LEGACY_BLOCK","Document metadata exists, but it is not in the required delimited block."
"docs\reference\csv-parsing.md","2","Error","MISSING_OPENING_DELIMITER","The header block does not start with --- immediately after the first heading."
"docs\reference\csv-parsing.md","3","Warning","MISPLACED_OR_LEGACY_BLOCK","Document metadata exists, but it is not in the required delimited block."
"docs\reference\database-configuration.md","2","Error","MISSING_OPENING_DELIMITER","The header block does not start with --- immediately after the first heading."
"docs\reference\database-configuration.md","3","Warning","MISPLACED_OR_LEGACY_BLOCK","Document metadata exists, but it is not in the required delimited block."
"docs\reference\database-schema-reference.md","2","Error","MISSING_OPENING_DELIMITER","The header block does not start with --- immediately after the first heading."
"docs\reference\database-schema-reference.md","3","Warning","MISPLACED_OR_LEGACY_BLOCK","Document metadata exists, but it is not in the required delimited block."
"docs\reference\download-and-discovery-reference.md","2","Error","MISSING_OPENING_DELIMITER","The header block does not start with --- immediately after the first heading."
"docs\reference\download-and-discovery-reference.md","3","Warning","MISPLACED_OR_LEGACY_BLOCK","Document metadata exists, but it is not in the required delimited block."
"docs\reference\excel-parsing.md","2","Error","MISSING_OPENING_DELIMITER","The header block does not start with --- immediately after the first heading."
"docs\reference\excel-parsing.md","3","Warning","MISPLACED_OR_LEGACY_BLOCK","Document metadata exists, but it is not in the required delimited block."
"docs\reference\html-link-discovery.md","2","Error","MISSING_OPENING_DELIMITER","The header block does not start with --- immediately after the first heading."
"docs\reference\html-link-discovery.md","3","Warning","MISPLACED_OR_LEGACY_BLOCK","Document metadata exists, but it is not in the required delimited block."
"docs\reference\ingestion-audit-reference.md","2","Error","MISSING_OPENING_DELIMITER","The header block does not start with --- immediately after the first heading."
"docs\reference\ingestion-audit-reference.md","3","Warning","MISPLACED_OR_LEGACY_BLOCK","Document metadata exists, but it is not in the required delimited block."
"docs\reference\json-parsing.md","2","Error","MISSING_OPENING_DELIMITER","The header block does not start with --- immediately after the first heading."
"docs\reference\json-parsing.md","3","Warning","MISPLACED_OR_LEGACY_BLOCK","Document metadata exists, but it is not in the required delimited block."
"docs\reference\octopus-plugin.md","2","Error","MISSING_OPENING_DELIMITER","The header block does not start with --- immediately after the first heading."
"docs\reference\octopus-plugin.md","3","Warning","MISPLACED_OR_LEGACY_BLOCK","Document metadata exists, but it is not in the required delimited block."
"docs\reference\octopus-schema.md","2","Error","MISSING_OPENING_DELIMITER","The header block does not start with --- immediately after the first heading."
"docs\reference\octopus-schema.md","3","Warning","MISPLACED_OR_LEGACY_BLOCK","Document metadata exists, but it is not in the required delimited block."
"docs\reference\ofgem-plugin.md","2","Error","MISSING_OPENING_DELIMITER","The header block does not start with --- immediately after the first heading."
"docs\reference\ofgem-plugin.md","3","Warning","MISPLACED_OR_LEGACY_BLOCK","Document metadata exists, but it is not in the required delimited block."
"docs\reference\ofgem-plugin-configuration.md","2","Error","MISSING_OPENING_DELIMITER","The header block does not start with --- immediately after the first heading."
"docs\reference\ofgem-plugin-configuration.md","3","Warning","MISPLACED_OR_LEGACY_BLOCK","Document metadata exists, but it is not in the required delimited block."
"docs\reference\ofgem-price-cap-data-dictionary.md","2","Error","MISSING_OPENING_DELIMITER","The header block does not start with --- immediately after the first heading."
"docs\reference\ofgem-price-cap-data-dictionary.md","3","Warning","MISPLACED_OR_LEGACY_BLOCK","Document metadata exists, but it is not in the required delimited block."
"docs\reference\openmeteo-plugin.md","2","Error","MISSING_OPENING_DELIMITER","The header block does not start with --- immediately after the first heading."
"docs\reference\openmeteo-plugin.md","3","Warning","MISPLACED_OR_LEGACY_BLOCK","Document metadata exists, but it is not in the required delimited block."
"docs\reference\openmeteo-schema.md","2","Error","MISSING_OPENING_DELIMITER","The header block does not start with --- immediately after the first heading."
"docs\reference\openmeteo-schema.md","3","Warning","MISPLACED_OR_LEGACY_BLOCK","Document metadata exists, but it is not in the required delimited block."
"docs\reference\plugin-api-reference.md","2","Error","MISSING_OPENING_DELIMITER","The header block does not start with --- immediately after the first heading."
"docs\reference\plugin-api-reference.md","3","Warning","MISPLACED_OR_LEGACY_BLOCK","Document metadata exists, but it is not in the required delimited block."
"docs\reference\plugin-properties-reference.md","2","Error","MISSING_OPENING_DELIMITER","The header block does not start with --- immediately after the first heading."
"docs\reference\plugin-properties-reference.md","3","Warning","MISPLACED_OR_LEGACY_BLOCK","Document metadata exists, but it is not in the required delimited block."
"docs\reference\plugin-registry-reference.md","2","Error","MISSING_OPENING_DELIMITER","The header block does not start with --- immediately after the first heading."
"docs\reference\plugin-registry-reference.md","3","Warning","MISPLACED_OR_LEGACY_BLOCK","Document metadata exists, but it is not in the required delimited block."
"docs\reference\README.md","2","Error","MISSING_OPENING_DELIMITER","The header block does not start with --- immediately after the first heading."
"docs\reference\README.md","3","Warning","MISPLACED_OR_LEGACY_BLOCK","Document metadata exists, but it is not in the required delimited block."
"docs\reference\shared-validation-and-jdbc-reference.md","2","Error","MISSING_OPENING_DELIMITER","The header block does not start with --- immediately after the first heading."
"docs\reference\shared-validation-and-jdbc-reference.md","3","Warning","MISPLACED_OR_LEGACY_BLOCK","Document metadata exists, but it is not in the required delimited block."
"docs\reference\supported-data-formats.md","2","Error","MISSING_OPENING_DELIMITER","The header block does not start with --- immediately after the first heading."
"docs\reference\supported-data-formats.md","3","Warning","MISPLACED_OR_LEGACY_BLOCK","Document metadata exists, but it is not in the required delimited block."
"docs\release\Distribution-Contents.md","2","Error","MISSING_HEADER_BLOCK","No document metadata block was found after the first heading."
"docs\release\Distribution-Contents.md","2","Error","MISSING_OPENING_DELIMITER","The header block does not start with --- immediately after the first heading."
"docs\release\Final-Release-Checklist.md","2","Error","MISSING_HEADER_BLOCK","No document metadata block was found after the first heading."
"docs\release\Final-Release-Checklist.md","2","Error","MISSING_OPENING_DELIMITER","The header block does not start with --- immediately after the first heading."
"docs\release\Release-1.0.0.md","2","Error","MISSING_HEADER_BLOCK","No document metadata block was found after the first heading."
"docs\release\Release-1.0.0.md","2","Error","MISSING_OPENING_DELIMITER","The header block does not start with --- immediately after the first heading."
"docs\release\Release-2.0.0.md","2","Error","MISSING_HEADER_BLOCK","No document metadata block was found after the first heading."
"docs\release\Release-2.0.0.md","2","Error","MISSING_OPENING_DELIMITER","The header block does not start with --- immediately after the first heading."
"docs\release\Release-Evidence-Index.md","2","Error","MISSING_HEADER_BLOCK","No document metadata block was found after the first heading."
"docs\release\Release-Evidence-Index.md","2","Error","MISSING_OPENING_DELIMITER","The header block does not start with --- immediately after the first heading."
"docs\release\Release-Process.md","2","Error","MISSING_HEADER_BLOCK","No document metadata block was found after the first heading."
"docs\release\Release-Process.md","2","Error","MISSING_OPENING_DELIMITER","The header block does not start with --- immediately after the first heading."
"docs\review\CLI-AND-PLUGIN-REGISTRY-UPDATE-2026-08-03.md","2","Error","MISSING_OPENING_DELIMITER","The header block does not start with --- immediately after the first heading."
"docs\review\CLI-AND-PLUGIN-REGISTRY-UPDATE-2026-08-03.md","3","Warning","MISPLACED_OR_LEGACY_BLOCK","Document metadata exists, but it is not in the required delimited block."
"docs\review\DOCUMENTATION-GAP-ANALYSIS-2026-07-26.md","2","Error","MISSING_OPENING_DELIMITER","The header block does not start with --- immediately after the first heading."
"docs\review\DOCUMENTATION-GAP-ANALYSIS-2026-07-26.md","3","Warning","MISPLACED_OR_LEGACY_BLOCK","Document metadata exists, but it is not in the required delimited block."
"docs\review\FINAL-DOCUMENTATION-AUDIT-2026-08-03.md","2","Error","MISSING_HEADER_BLOCK","No document metadata block was found after the first heading."
"docs\review\FINAL-DOCUMENTATION-AUDIT-2026-08-03.md","2","Error","MISSING_OPENING_DELIMITER","The header block does not start with --- immediately after the first heading."
"docs\review\FINAL-DOCUMENTATION-AUDIT-2026-08-04.md","2","Error","MISSING_OPENING_DELIMITER","The header block does not start with --- immediately after the first heading."
"docs\review\FINAL-DOCUMENTATION-AUDIT-2026-08-04.md","3","Warning","MISPLACED_OR_LEGACY_BLOCK","Document metadata exists, but it is not in the required delimited block."
"docs\review\integration-review-2026-07-23.md","2","Error","MISSING_HEADER_BLOCK","No document metadata block was found after the first heading."
"docs\review\integration-review-2026-07-23.md","2","Error","MISSING_OPENING_DELIMITER","The header block does not start with --- immediately after the first heading."
"docs\review\PHASE-3-COMPLETION-CHECKLIST.md","2","Error","MISSING_OPENING_DELIMITER","The header block does not start with --- immediately after the first heading."
"docs\review\PHASE-3-COMPLETION-CHECKLIST.md","3","Warning","MISPLACED_OR_LEGACY_BLOCK","Document metadata exists, but it is not in the required delimited block."
"docs\review\README.md","2","Error","MISSING_HEADER_BLOCK","No document metadata block was found after the first heading."
"docs\review\README.md","2","Error","MISSING_OPENING_DELIMITER","The header block does not start with --- immediately after the first heading."
"docs\review\RELEASE-READINESS-STATUS-2.0.0.md","2","Error","MISSING_HEADER_BLOCK","No document metadata block was found after the first heading."
"docs\review\RELEASE-READINESS-STATUS-2.0.0.md","2","Error","MISSING_OPENING_DELIMITER","The header block does not start with --- immediately after the first heading."
"docs\review\UNRESOLVED-TOOLCHAIN-AND-SPECIFICATION-GAPS-2026-07-26.md","2","Error","MISSING_OPENING_DELIMITER","The header block does not start with --- immediately after the first heading."
"docs\review\UNRESOLVED-TOOLCHAIN-AND-SPECIFICATION-GAPS-2026-07-26.md","3","Warning","MISPLACED_OR_LEGACY_BLOCK","Document metadata exists, but it is not in the required delimited block."
"docs\reviews\Batch-1-Version-2.0.0-Documentation.md","2","Error","MISSING_HEADER_BLOCK","No document metadata block was found after the first heading."
"docs\reviews\Batch-1-Version-2.0.0-Documentation.md","2","Error","MISSING_OPENING_DELIMITER","The header block does not start with --- immediately after the first heading."
"docs\reviews\Batch-2-Implementation-Notes.md","2","Error","MISSING_HEADER_BLOCK","No document metadata block was found after the first heading."
"docs\reviews\Batch-2-Implementation-Notes.md","2","Error","MISSING_OPENING_DELIMITER","The header block does not start with --- immediately after the first heading."
"docs\reviews\Batch-3-Implementation-Notes.md","2","Error","MISSING_HEADER_BLOCK","No document metadata block was found after the first heading."
"docs\reviews\Batch-3-Implementation-Notes.md","2","Error","MISSING_OPENING_DELIMITER","The header block does not start with --- immediately after the first heading."
"docs\reviews\Batch-4-Implementation-Notes.md","2","Error","MISSING_HEADER_BLOCK","No document metadata block was found after the first heading."
"docs\reviews\Batch-4-Implementation-Notes.md","2","Error","MISSING_OPENING_DELIMITER","The header block does not start with --- immediately after the first heading."
"docs\reviews\Batch-5-Implementation-Notes.md","2","Error","MISSING_HEADER_BLOCK","No document metadata block was found after the first heading."
"docs\reviews\Batch-5-Implementation-Notes.md","2","Error","MISSING_OPENING_DELIMITER","The header block does not start with --- immediately after the first heading."
"docs\reviews\Batch-6-Implementation-Notes.md","2","Error","MISSING_HEADER_BLOCK","No document metadata block was found after the first heading."
"docs\reviews\Batch-6-Implementation-Notes.md","2","Error","MISSING_OPENING_DELIMITER","The header block does not start with --- immediately after the first heading."
"docs\reviews\Batch-7-Implementation-Notes.md","2","Error","MISSING_HEADER_BLOCK","No document metadata block was found after the first heading."
"docs\reviews\Batch-7-Implementation-Notes.md","2","Error","MISSING_OPENING_DELIMITER","The header block does not start with --- immediately after the first heading."
"docs\reviews\Batch-8-Implementation-Notes.md","2","Error","MISSING_HEADER_BLOCK","No document metadata block was found after the first heading."
"docs\reviews\Batch-8-Implementation-Notes.md","2","Error","MISSING_OPENING_DELIMITER","The header block does not start with --- immediately after the first heading."
"docs\reviews\Documentation-Engine-Refactor-2026-07-31.md","2","Error","MISSING_HEADER_BLOCK","No document metadata block was found after the first heading."
"docs\reviews\Documentation-Engine-Refactor-2026-07-31.md","2","Error","MISSING_OPENING_DELIMITER","The header block does not start with --- immediately after the first heading."
"docs\reviews\README.md","2","Error","MISSING_HEADER_BLOCK","No document metadata block was found after the first heading."
"docs\reviews\README.md","2","Error","MISSING_OPENING_DELIMITER","The header block does not start with --- immediately after the first heading."
"docs\roadmap\README.md","2","Error","MISSING_HEADER_BLOCK","No document metadata block was found after the first heading."
"docs\roadmap\README.md","2","Error","MISSING_OPENING_DELIMITER","The header block does not start with --- immediately after the first heading."
"docs\shared\acknowledgements.md","2","Error","MISSING_HEADER_BLOCK","No document metadata block was found after the first heading."
"docs\shared\acknowledgements.md","2","Error","MISSING_OPENING_DELIMITER","The header block does not start with --- immediately after the first heading."
"docs\shared\copyright.md","2","Error","MISSING_HEADER_BLOCK","No document metadata block was found after the first heading."
"docs\shared\copyright.md","2","Error","MISSING_OPENING_DELIMITER","The header block does not start with --- immediately after the first heading."
"docs\shared\coverpage.md","2","Error","MISSING_HEADER_BLOCK","No document metadata block was found after the first heading."
"docs\shared\coverpage.md","2","Error","MISSING_OPENING_DELIMITER","The header block does not start with --- immediately after the first heading."
"docs\shared\data-source-notices.md","2","Error","MISSING_HEADER_BLOCK","No document metadata block was found after the first heading."
"docs\shared\data-source-notices.md","2","Error","MISSING_OPENING_DELIMITER","The header block does not start with --- immediately after the first heading."
"docs\shared\glossary.md","2","Error","MISSING_HEADER_BLOCK","No document metadata block was found after the first heading."
"docs\shared\glossary.md","2","Error","MISSING_OPENING_DELIMITER","The header block does not start with --- immediately after the first heading."
"docs\shared\introduction.md","2","Error","MISSING_HEADER_BLOCK","No document metadata block was found after the first heading."
"docs\shared\introduction.md","2","Error","MISSING_OPENING_DELIMITER","The header block does not start with --- immediately after the first heading."
"docs\shared\licence.md","2","Error","MISSING_HEADER_BLOCK","No document metadata block was found after the first heading."
"docs\shared\licence.md","2","Error","MISSING_OPENING_DELIMITER","The header block does not start with --- immediately after the first heading."
"docs\shared\revision-history.md","2","Error","MISSING_HEADER_BLOCK","No document metadata block was found after the first heading."
"docs\shared\revision-history.md","2","Error","MISSING_OPENING_DELIMITER","The header block does not start with --- immediately after the first heading."
"docs\shared\third-party-notices.md","2","Error","MISSING_HEADER_BLOCK","No document metadata block was found after the first heading."
"docs\shared\third-party-notices.md","2","Error","MISSING_OPENING_DELIMITER","The header block does not start with --- immediately after the first heading."
"docs\standards\coding-standard.md","2","Error","MISSING_OPENING_DELIMITER","The header block does not start with --- immediately after the first heading."
"docs\standards\coding-standard.md","3","Warning","MISPLACED_OR_LEGACY_BLOCK","Document metadata exists, but it is not in the required delimited block."
"docs\standards\documentation-standard.md","2","Error","MISSING_OPENING_DELIMITER","The header block does not start with --- immediately after the first heading."
"docs\standards\documentation-standard.md","3","Warning","MISPLACED_OR_LEGACY_BLOCK","Document metadata exists, but it is not in the required delimited block."
"docs\standards\plugin-package-architecture.md","2","Error","MISSING_OPENING_DELIMITER","The header block does not start with --- immediately after the first heading."
"docs\standards\plugin-package-architecture.md","3","Warning","MISPLACED_OR_LEGACY_BLOCK","Document metadata exists, but it is not in the required delimited block."
"docs\standards\README.md","2","Error","MISSING_OPENING_DELIMITER","The header block does not start with --- immediately after the first heading."
"docs\standards\README.md","3","Warning","MISPLACED_OR_LEGACY_BLOCK","Document metadata exists, but it is not in the required delimited block."
"docs\standards\security-standard.md","2","Error","MISSING_OPENING_DELIMITER","The header block does not start with --- immediately after the first heading."
"docs\standards\security-standard.md","3","Warning","MISPLACED_OR_LEGACY_BLOCK","Document metadata exists, but it is not in the required delimited block."
"docs\standards\testing-standard.md","2","Error","MISSING_OPENING_DELIMITER","The header block does not start with --- immediately after the first heading."
"docs\standards\testing-standard.md","3","Warning","MISPLACED_OR_LEGACY_BLOCK","Document metadata exists, but it is not in the required delimited block."
"docs\templates\appendix.md","2","Error","MISSING_HEADER_BLOCK","No document metadata block was found after the first heading."
"docs\templates\appendix.md","2","Error","MISSING_OPENING_DELIMITER","The header block does not start with --- immediately after the first heading."
"docs\templates\architecture.md","2","Error","MISSING_HEADER_BLOCK","No document metadata block was found after the first heading."
"docs\templates\architecture.md","2","Error","MISSING_OPENING_DELIMITER","The header block does not start with --- immediately after the first heading."
"docs\templates\chapter.md","2","Error","MISSING_HEADER_BLOCK","No document metadata block was found after the first heading."
"docs\templates\chapter.md","2","Error","MISSING_OPENING_DELIMITER","The header block does not start with --- immediately after the first heading."
"docs\templates\coverpage.md","2","Error","MISSING_HEADER_BLOCK","No document metadata block was found after the first heading."
"docs\templates\coverpage.md","2","Error","MISSING_OPENING_DELIMITER","The header block does not start with --- immediately after the first heading."
"docs\templates\plugin-java\README.md","2","Error","MISSING_OPENING_DELIMITER","The header block does not start with --- immediately after the first heading."
"docs\templates\plugin-java\README.md","3","Warning","MISPLACED_OR_LEGACY_BLOCK","Document metadata exists, but it is not in the required delimited block."
"docs\templates\release-notes.md","2","Error","MISSING_HEADER_BLOCK","No document metadata block was found after the first heading."
"docs\templates\release-notes.md","2","Error","MISSING_OPENING_DELIMITER","The header block does not start with --- immediately after the first heading."
"docs\user-guide\01-introduction.md","2","Error","MISSING_OPENING_DELIMITER","The header block does not start with --- immediately after the first heading."
"docs\user-guide\01-introduction.md","3","Warning","MISPLACED_OR_LEGACY_BLOCK","Document metadata exists, but it is not in the required delimited block."
"docs\user-guide\02-prerequisites-and-installation.md","2","Error","MISSING_OPENING_DELIMITER","The header block does not start with --- immediately after the first heading."
"docs\user-guide\02-prerequisites-and-installation.md","3","Warning","MISPLACED_OR_LEGACY_BLOCK","Document metadata exists, but it is not in the required delimited block."
"docs\user-guide\03-sql-server-setup.md","2","Error","MISSING_OPENING_DELIMITER","The header block does not start with --- immediately after the first heading."
"docs\user-guide\03-sql-server-setup.md","3","Warning","MISPLACED_OR_LEGACY_BLOCK","Document metadata exists, but it is not in the required delimited block."
"docs\user-guide\04-configuration.md","2","Error","MISSING_OPENING_DELIMITER","The header block does not start with --- immediately after the first heading."
"docs\user-guide\04-configuration.md","3","Warning","MISPLACED_OR_LEGACY_BLOCK","Document metadata exists, but it is not in the required delimited block."
"docs\user-guide\05-command-line-use.md","2","Error","MISSING_OPENING_DELIMITER","The header block does not start with --- immediately after the first heading."
"docs\user-guide\05-command-line-use.md","3","Warning","MISPLACED_OR_LEGACY_BLOCK","Document metadata exists, but it is not in the required delimited block."
"docs\user-guide\06-ofgem-price-cap-plugin.md","2","Error","MISSING_OPENING_DELIMITER","The header block does not start with --- immediately after the first heading."
"docs\user-guide\06-ofgem-price-cap-plugin.md","3","Warning","MISPLACED_OR_LEGACY_BLOCK","Document metadata exists, but it is not in the required delimited block."
"docs\user-guide\07-openmeteo-weather-plugin.md","2","Error","MISSING_OPENING_DELIMITER","The header block does not start with --- immediately after the first heading."
"docs\user-guide\07-openmeteo-weather-plugin.md","3","Warning","MISPLACED_OR_LEGACY_BLOCK","Document metadata exists, but it is not in the required delimited block."
"docs\user-guide\08-multiple-plugins-and-parallelism.md","2","Error","MISSING_OPENING_DELIMITER","The header block does not start with --- immediately after the first heading."
"docs\user-guide\08-multiple-plugins-and-parallelism.md","3","Warning","MISPLACED_OR_LEGACY_BLOCK","Document metadata exists, but it is not in the required delimited block."
"docs\user-guide\08-octopus-energy-statements.md","2","Error","MISSING_OPENING_DELIMITER","The header block does not start with --- immediately after the first heading."
"docs\user-guide\08-octopus-energy-statements.md","3","Warning","MISPLACED_OR_LEGACY_BLOCK","Document metadata exists, but it is not in the required delimited block."
"docs\user-guide\09-dry-runs.md","2","Error","MISSING_OPENING_DELIMITER","The header block does not start with --- immediately after the first heading."
"docs\user-guide\09-dry-runs.md","3","Warning","MISPLACED_OR_LEGACY_BLOCK","Document metadata exists, but it is not in the required delimited block."
"docs\user-guide\10-logs-audit-and-troubleshooting.md","2","Error","MISSING_OPENING_DELIMITER","The header block does not start with --- immediately after the first heading."
"docs\user-guide\10-logs-audit-and-troubleshooting.md","3","Warning","MISPLACED_OR_LEGACY_BLOCK","Document metadata exists, but it is not in the required delimited block."
"docs\user-guide\11-maintenance-and-security.md","2","Error","MISSING_OPENING_DELIMITER","The header block does not start with --- immediately after the first heading."
"docs\user-guide\11-maintenance-and-security.md","3","Warning","MISPLACED_OR_LEGACY_BLOCK","Document metadata exists, but it is not in the required delimited block."
"docs\user-guide\README.md","2","Error","MISSING_OPENING_DELIMITER","The header block does not start with --- immediately after the first heading."
"docs\user-guide\README.md","3","Warning","MISPLACED_OR_LEGACY_BLOCK","Document metadata exists, but it is not in the required delimited block."
"duplicate_classes_report.md",,"Error","MISSING_H1","No level-one Markdown heading was found."
"LICENSE.md",,"Error","MISSING_H1","No level-one Markdown heading was found."
"OPEN_DATA_2_1_CHANGESET.md","2","Error","MISSING_HEADER_BLOCK","No document metadata block was found after the first heading."
"OPEN_DATA_2_1_CHANGESET.md","2","Error","MISSING_OPENING_DELIMITER","The header block does not start with --- immediately after the first heading."
"README.md","2","Error","MISSING_HEADER_BLOCK","No document metadata block was found after the first heading."
"README.md","2","Error","MISSING_OPENING_DELIMITER","The header block does not start with --- immediately after the first heading."
"RELEASE_NOTES.md","2","Error","MISSING_HEADER_BLOCK","No document metadata block was found after the first heading."
"RELEASE_NOTES.md","2","Error","MISSING_OPENING_DELIMITER","The header block does not start with --- immediately after the first heading."
"scripts\README.md","2","Error","MISSING_HEADER_BLOCK","No document metadata block was found after the first heading."
"scripts\README.md","2","Error","MISSING_OPENING_DELIMITER","The header block does not start with --- immediately after the first heading."
"SECURITY.md","2","Error","MISSING_HEADER_BLOCK","No document metadata block was found after the first heading."
"SECURITY.md","2","Error","MISSING_OPENING_DELIMITER","The header block does not start with --- immediately after the first heading."
"sql\README.md","2","Error","MISSING_HEADER_BLOCK","No document metadata block was found after the first heading."
"sql\README.md","2","Error","MISSING_OPENING_DELIMITER","The header block does not start with --- immediately after the first heading."
"src\test\README.md","2","Error","MISSING_HEADER_BLOCK","No document metadata block was found after the first heading."
"src\test\README.md","2","Error","MISSING_OPENING_DELIMITER","The header block does not start with --- immediately after the first heading."
"THIRD-PARTY-NOTICES.md","2","Error","MISSING_HEADER_BLOCK","No document metadata block was found after the first heading."
"THIRD-PARTY-NOTICES.md","2","Error","MISSING_OPENING_DELIMITER","The header block does not start with --- immediately after the first heading."
"tools\README.md","2","Error","MISSING_HEADER_BLOCK","No document metadata block was found after the first heading."
"tools\README.md","2","Error","MISSING_OPENING_DELIMITER","The header block does not start with --- immediately after the first heading."
